{
  "cough_0.0": 0,
  "cough_1.0": 1,
  "fever_0.0": 2,
  "fever_1.0": 3,
  "sore_throat_0.0": 4,
  "sore_throat_1.0": 5,
  "shortness_of_breath_0.0": 6,
  "shortness_of_breath_1.0": 7,
  "head_ache_0.0": 8,
  "head_ache_1.0": 9,
  "age_60_and_above_-1.0": 10,
  "age_60_and_above_0.0": 11,
  "age_60_and_above_1.0": 12,
  "gender_0.0": 13,
  "gender_1.0": 14,
  "confirmed_ratio": 15,
  "weekday_ratio_0.0": 16,
  "weekday_ratio_0.3333333333333333": 17,
  "weekday_ratio_0.5": 18,
  "weekday_ratio_0.6666666666666666": 19,
  "weekday_ratio_0.8333333333333334": 20,
  "weekday_ratio_0.1666666666666666": 21,
  "weekday_ratio_1.0": 22,
  "corona_result_0.0": 23,
  "corona_result_1.0": 24
}